init_coverage,adam_coverage,bf_coverage,combined_coverage,systems_area,protection_area,Number_of_systems,Number_of_areas,average_system_size,average_area_size,precision,recall,Fscore,env_area
0.236826754,0.236826754,0.332326429,0.332326429,36.468373,3.219875013,1,10,36.468373,0.321987501,0.00911273,0.103210972,0.008373421,20
0.229714031,0.229714031,0.648672037,0.648672037,36.468373,2.841880315,1,10,36.468373,0.284188032,0.017787249,0.228254523,0.016501345,20
0.56700825,0.752233171,0.752233171,0.752233171,36.468373,5.773533384,1,20,36.468373,0.288676669,0.020627001,0.130289915,0.017807747,20
0.891759236,0.896113143,0.896113143,0.896113143,36.468373,9.249410538,1,30,36.468373,0.308313685,0.024572337,0.09688327,0.019600975,20
0.57668558,0.57668558,0.57668558,0.57668558,36.468373,5.622535745,1,20,36.468373,0.281126787,0.015813307,0.102566814,0.013700953,20
0.590351763,0.590351763,0.631000866,0.631000866,36.468373,3.121358127,1,10,36.468373,0.312135813,0.017302688,0.202155869,0.015938498,20
0,0,1.75878186,1.981491645,36.468373,5.585141192,1,20,36.468373,0.27925706,0.054334523,0.35477915,0.047118337,20
0.585349545,0.585349545,0.798951375,0.798951375,36.468373,8.068164829,1,30,36.468373,0.268938828,0.021908062,0.099025168,0.017939234,20
0.331322425,0.331322425,1.043603654,2.076153394,36.468373,8.640090483,1,30,36.468373,0.288003016,0.056930245,0.240293015,0.046025806,20
1.483407968,1.561639133,1.561639133,1.561639133,36.468373,12.24479468,1,40,36.468373,0.306119867,0.042821739,0.127534938,0.032057844,20
1.764393953,2.077261889,2.403923723,2.707654168,36.468373,11.9435896,1,40,36.468373,0.29858974,0.07424664,0.226703551,0.055929444,20
0.77604809,1.111443377,1.545036024,2.348616634,36.468373,11.8359883,1,40,36.468373,0.295899707,0.064401465,0.198430125,0.048621213,20
0.985099898,0.985099898,2.01179519,2.01179519,48.37037662,14.66697559,1,50,48.37037662,0.293339512,0.041591473,0.137164965,0.031914335,20
0.279879582,0.279879582,2.83087928,3.247236197,48.37037662,14.46154337,1,50,48.37037662,0.289230867,0.067132746,0.224542852,0.051681314,20
1.136376186,1.197069757,2.111856943,2.637458489,48.37037662,14.56282156,1,50,48.37037662,0.291256431,0.054526317,0.18110903,0.041908858,20
1.027026517,1.041449011,2.827322133,3.516678738,48.37037662,17.38424658,1,60,48.37037662,0.289737443,0.07270315,0.202291122,0.053481848,20
0.796435885,0.796435885,2.821923634,3.394065598,48.37037662,17.29925555,1,60,48.37037662,0.288320926,0.070168269,0.196197206,0.051683944,20
1.076136782,2.741295952,3.056653709,3.507414084,48.37037662,20.17759919,1,70,48.37037662,0.288251417,0.072511614,0.173827126,0.051167289,20
0.217542041,3.269556722,2.974196998,3.167011872,48.37037662,17.24466233,1,60,48.37037662,0.287411039,0.065474203,0.183651719,0.048266555,20
2.486696862,5.629873613,4.656708567,5.629873613,48.37037662,20.99816593,1,70,48.37037662,0.299973799,0.11639094,0.268112636,0.081158886,20
1.896500157,4.296065539,4.16002833,4.540020016,48.37037662,19.72387332,1,70,48.37037662,0.281769619,0.093859513,0.230178928,0.06667259,20
1.447231924,3.285678949,2.95881315,3.035205214,48.37037662,22.67149529,1,80,48.37037662,0.283393691,0.062749257,0.133877593,0.042724173,20
1.768242787,3.067731482,3.542882458,4.135875747,48.37037662,23.25149863,1,80,48.37037662,0.290643733,0.085504311,0.177875664,0.057745985,20
1.56275872,1.562938727,4.223724294,4.809571506,48.37037662,22.57160562,1,80,48.37037662,0.28214507,0.09943217,0.213080611,0.067795843,20
2.390515895,3.696758658,3.436143883,3.696758658,24.98109579,25.8280218,1,90,24.98109579,0.28697802,0.147982246,0.143129764,0.072757781,20
1.746245431,3.06790522,2.963486734,3.049811221,24.98109579,26.37007951,1,90,24.98109579,0.293000883,0.122084765,0.115654229,0.059391264,20
1.507375449,2.179392352,2.984882741,3.210580867,24.98109579,25.47458246,1,90,24.98109579,0.283050916,0.128520418,0.126030755,0.063631706,20
0.306757588,0.306757588,0.655643035,0.655643035,67.31087683,2.649853352,2,10,33.65543842,0.264985335,0.009740521,0.247426158,0.009371587,20
0.724160703,0.724160703,0.724160703,0.724160703,67.31087683,2.730256651,2,10,33.65543842,0.273025665,0.01075845,0.265235395,0.010339077,20
0.361935027,0.379553824,1.284905772,1.284905772,67.31087683,2.809373928,2,10,33.65543842,0.280937393,0.019089125,0.457363742,0.018324318,20
0.455068339,0.455068339,0.765151007,0.765151007,67.31087683,5.857530494,2,20,33.65543842,0.292876525,0.01136742,0.130626893,0.010457396,20
0.305856084,0.305856084,1.564891001,1.843549602,67.31087683,5.808041976,2,20,33.65543842,0.290402099,0.027388584,0.317413271,0.025213031,20
0.977538041,1.359295927,1.819321891,2.325765149,67.31087683,8.160870901,2,30,33.65543842,0.27202903,0.03455259,0.284989822,0.030816368,20
1.176923266,1.241089701,2.310617199,2.513620267,67.31087683,8.913189768,2,30,33.65543842,0.297106326,0.037343449,0.282011304,0.032976727,20
1.957271011,2.478779163,2.723442702,3.232727932,67.31087683,8.246556286,2,30,33.65543842,0.27488521,0.048026828,0.392009442,0.042785042,20
0.860476545,2.10781089,2.118832057,2.955358258,67.31087683,6.0239644,2,20,33.65543842,0.30119822,0.043906102,0.49060022,0.040299511,20
0.716357267,1.655166802,2.55032679,2.580680786,57.74800812,11.6472647,2,40,28.87400406,0.291181618,0.044688655,0.221569686,0.037188135,20
1.050693053,1.512099682,2.759819882,3.329939458,57.74800812,11.8296574,2,40,28.87400406,0.295741435,0.057663278,0.281490777,0.047859316,20
1.774579864,2.332385962,2.364526344,2.640808512,57.74800812,11.44603969,2,40,28.87400406,0.286150992,0.045729863,0.230718099,0.038165255,20
2.553859396,4.017293708,3.819252385,4.668228035,83.92591318,13.9832949,2,50,41.96295659,0.279665898,0.055623202,0.333843209,0.047679152,20
3.490885608,4.660520622,4.866927383,5.020794622,83.92591318,17.0300091,2,60,41.96295659,0.283833485,0.059824129,0.294820431,0.049732542,20
2.124702036,3.86074839,3.990649409,4.863164512,83.92591318,14.7307924,2,50,41.96295659,0.294615848,0.057945923,0.330135975,0.049293806,20
4.406692176,4.760919579,4.753459266,5.628302555,83.92591318,14.2747667,2,50,41.96295659,0.285495334,0.06706275,0.39428333,0.057314293,20
3.71885345,4.321290356,3.753905231,4.321338192,83.92591318,16.93526453,2,60,41.96295659,0.282254409,0.051489916,0.255168036,0.042844415,20
5.076873214,6.852887519,6.468549498,7.969142729,83.92591318,20.41855835,2,70,41.96295659,0.291693691,0.094954495,0.390289196,0.076373406,20
3.611113482,5.715031178,6.44661113,7.285082944,83.92591318,17.04627114,2,60,41.96295659,0.284104519,0.086803738,0.427371059,0.072149404,20
4.304573818,5.715151059,6.453528686,6.882900139,83.92591318,19.51314962,2,70,41.96295659,0.27875928,0.08201162,0.352731377,0.066540627,20
3.382819287,6.111968096,5.714274961,5.972484483,83.92591318,19.67909906,2,70,41.96295659,0.281129987,0.071163771,0.303493796,0.057646675,20
5.751131357,6.565809498,6.340011228,6.776537837,111.1921059,22.43442533,2,80,55.59605296,0.280430317,0.060944415,0.302059792,0.050712518,20
5.728109346,5.997180575,8.021823859,8.686083685,111.1921059,23.48088517,2,80,55.59605296,0.293511065,0.078117809,0.369921475,0.064497592,20
6.497776872,7.254834481,7.542268361,9.463521839,111.1921059,23.41280823,2,80,55.59605296,0.292660103,0.085109656,0.404202766,0.070305916,20
8.239889799,11.29135685,9.793270068,10.68580326,130.0130982,25.40149243,2,90,65.00654908,0.282238805,0.082190206,0.420676198,0.068756757,20
6.943828533,10.83851609,10.42202484,10.52844006,130.0130982,25.20011034,2,90,65.00654908,0.280001226,0.080979841,0.417793411,0.067832114,20
5.502234672,8.993781118,9.227468382,9.926380119,130.0130982,26.52823785,2,90,65.00654908,0.294758198,0.076349078,0.374181662,0.0634106,20
0.299468546,1.032941067,1.347360271,1.347360271,123.3034763,3.038721633,3,10,41.10115876,0.303872163,0.010927188,0.443397071,0.010664373,20
0,0,0.279892589,0.279892589,123.3034763,2.762692409,3,10,41.10115876,0.276269241,0.002269949,0.101311528,0.002220204,20
0.26877691,0.26877691,1.75475556,1.991595391,123.3034763,2.786861714,3,10,41.10115876,0.278686171,0.016151981,0.714637322,0.015794988,20
1.116023374,1.116023374,2.352151079,2.484641154,123.3034763,5.705735558,3,20,41.10115876,0.285286778,0.020150617,0.435463777,0.019259409,20
1.559313543,2.236323971,2.941397374,3.326951047,123.3034763,5.781688051,3,20,41.10115876,0.289084403,0.026981811,0.575429013,0.025773303,20
0.45774005,0.589568758,2.044884268,2.094972159,123.3034763,5.907640155,3,20,41.10115876,0.295382008,0.016990374,0.354620814,0.01621356,20
1.384310102,2.918999349,4.802742224,5.00223823,124.5250501,8.269473219,3,30,41.50835003,0.275649107,0.040170538,0.604904097,0.03766901,20
1.841867657,3.130248406,5.130315958,6.081951757,124.5250501,8.384446127,3,30,41.50835003,0.279481538,0.048841191,0.725385036,0.045760099,20
2.004050552,2.27472202,3.017177622,3.055183903,124.5250501,8.575034909,3,30,41.50835003,0.285834497,0.024534693,0.356288218,0.022954034,20
2.686310864,5.230648791,5.643344277,5.901210091,136.5557943,11.60411807,3,40,45.5185981,0.290102952,0.043214644,0.508544472,0.039830005,20
3.099757096,3.493073562,4.758113717,5.477066484,136.5557943,11.43391632,3,40,45.5185981,0.285847908,0.040108635,0.479019291,0.037009779,20
2.584768107,4.489721152,4.769738083,5.025851625,136.5557943,11.38486464,3,40,45.5185981,0.284621616,0.036804382,0.441450275,0.033972078,20
4.712803035,8.190043572,8.238931698,9.271193211,186.8254688,14.73478036,3,50,62.27515625,0.294695607,0.049624889,0.629204711,0.045997131,20
4.438797033,4.820164447,8.53924149,9.854041448,186.8254688,14.14957267,3,50,62.27515625,0.282991453,0.052744637,0.696419721,0.04903117,20
2.78059829,4.886869309,7.363878831,8.55416201,186.8254688,14.68409699,3,50,62.27515625,0.29368194,0.045786916,0.582546003,0.042450402,20
5.765561391,8.075710694,8.064511697,8.257240184,186.8254688,17.10547888,3,60,62.27515625,0.285091315,0.044197615,0.482724877,0.040490373,20
3.511290748,6.379300533,9.48442368,10.67218495,186.8254688,17.03559872,3,60,62.27515625,0.283926645,0.057123823,0.626463744,0.052350285,20
5.49891888,7.806472188,9.016822318,10.0546602,186.8254688,17.19697241,3,60,62.27515625,0.286616207,0.053818466,0.584676184,0.049282129,20
3.653532885,6.649316042,7.71524677,8.454263072,153.1480813,20.50387059,3,70,51.04936044,0.292912437,0.055203193,0.412325226,0.048685102,20
2.741323845,4.96583407,8.203466524,9.666808302,153.1480813,20.40219274,3,70,51.04936044,0.291459896,0.063120662,0.473812223,0.055700334,20
2.865240245,6.123961422,8.412335712,9.898162256,153.1480813,19.88829976,3,70,51.04936044,0.284118568,0.064631317,0.497687705,0.057202781,20
2.918722691,4.155057984,6.432397015,7.568173071,92.81753636,22.99040316,3,80,30.93917879,0.287380039,0.081538181,0.329188358,0.065351073,20
4.061063358,5.412942037,6.308730682,6.550900429,92.81753636,23.09639763,3,80,30.93917879,0.28870497,0.070578262,0.283632995,0.056515211,20
4.859537359,6.286129385,7.295977303,8.642853106,92.81753636,23.865727,3,80,30.93917879,0.298321587,0.093116597,0.362144975,0.074071061,20
5.564495415,7.773013718,8.490679826,8.891856119,129.0404427,25.72468555,3,90,43.01348089,0.285829839,0.068907514,0.345654609,0.057453874,20
5.636999496,8.797151491,12.21980953,13.41500784,129.0404427,26.04767331,3,90,43.01348089,0.289418592,0.103959717,0.51501751,0.086499264,20
7.209063863,10.50257647,10.3694892,11.364589,129.0404427,25.80822996,3,90,43.01348089,0.286758111,0.088069978,0.440347479,0.073391582,20
1.376003843,1.828219194,2.429779248,2.429779248,150.2787313,3.113349616,4,10,37.56968283,0.311334962,0.016168484,0.780438932,0.015840317,20
0.955880427,1.2276319,2.100180472,2.453332482,150.2787313,2.917804969,4,10,37.56968283,0.291780497,0.016325214,0.840814417,0.016014282,20
0.620080881,0.946825775,2.178265147,2.178265147,150.2787313,3.078819104,4,10,37.56968283,0.30788191,0.014494833,0.707500205,0.014203834,20
1.42598299,1.595611262,2.462113373,2.780498827,114.1742857,6.230006993,4,20,28.54357143,0.31150035,0.024353109,0.446307497,0.023093021,20
1.775407749,2.096604332,2.221672076,2.413294477,114.1742857,6.147424208,4,20,28.54357143,0.30737121,0.021136935,0.392570025,0.020057016,20
1.216132354,1.364596228,2.394569121,2.451450351,114.1742857,5.717465915,4,20,28.54357143,0.285873296,0.021471125,0.428765188,0.020447198,20
4.060523433,5.262354916,6.990399726,6.997681809,268.9379368,8.855167798,4,30,67.23448419,0.29517226,0.02601969,0.790237065,0.025190265,20
3.419156641,3.564411561,5.515569152,6.015953435,268.9379368,8.403265753,4,30,67.23448419,0.280108858,0.0223693,0.715906602,0.021691524,20
1.633300552,2.456453272,5.161281761,6.45730771,268.9379368,8.679360006,4,30,67.23448419,0.289312,0.024010401,0.743984315,0.023259746,20
3.706135476,4.366518994,6.637887513,6.973175087,178.1227002,11.89574296,4,40,44.53067505,0.297393574,0.039148155,0.5861908,0.036697359,20
2.098160008,3.956463856,5.438195269,5.653043717,178.1227002,11.2576313,4,40,44.53067505,0.281440783,0.031736796,0.502152146,0.029850216,20
2.0388203,4.527335858,5.603066542,5.603300215,178.1227002,11.54684663,4,40,44.53067505,0.288671166,0.03145753,0.485266705,0.029542435,20
6.052134599,7.614833187,9.088634768,10.81258983,201.6761626,14.65859719,4,50,50.41904065,0.293171944,0.053613623,0.737627871,0.049980825,20
5.321498161,7.299700539,8.746571118,9.978560684,201.6761626,13.92612586,4,50,50.41904065,0.278522517,0.049478136,0.716535294,0.046282258,20
4.690875561,5.722655992,7.16222252,8.210334421,201.6761626,14.39887992,4,50,50.41904065,0.287977598,0.040710485,0.570206465,0.037997606,20
4.874188284,6.941766509,7.791972399,9.147714566,207.9979023,17.11915029,4,60,51.99947558,0.285319172,0.04397984,0.534355643,0.040635369,20
6.720231319,9.131565518,9.846885577,12.02348258,207.9979023,18.11671357,4,60,51.99947558,0.301945226,0.057805788,0.663667974,0.053174283,20
6.755367817,9.835813219,10.60662835,11.36250801,207.9979023,17.94933816,4,60,51.99947558,0.299155636,0.054627993,0.633032144,0.050288324,20
7.729037597,11.78246754,11.6611973,12.03185452,253.5343671,19.30280827,4,70,63.38359177,0.275754404,0.047456503,0.623321454,0.044099029,20
6.187279535,8.745807084,11.33768316,13.77724354,253.5343671,19.79126861,4,70,63.38359177,0.282732409,0.054340734,0.696127359,0.050405969,20
6.31376358,8.838115919,11.65641007,12.53490575,253.5343671,19.65382497,4,70,63.38359177,0.280768928,0.049440657,0.637784542,0.045883776,20
2.235764134,8.424593552,10.28518433,11.06555306,139.8802057,23.28128219,4,80,34.97005143,0.291016027,0.079107355,0.475298266,0.067819638,20
4.366825021,5.966874716,9.115140908,10.4098924,139.8802057,23.06451091,4,80,34.97005143,0.288306386,0.074420054,0.451338094,0.063886038,20
2.261412685,4.801819607,8.363060735,9.65996411,139.8802057,22.81566807,4,80,34.97005143,0.285195851,0.069058835,0.423391683,0.059374364,20
5.025668489,9.889396872,11.20011329,12.57486191,163.3874743,25.18572467,4,90,40.84686859,0.279841385,0.076963439,0.499285293,0.066684248,20
5.088487862,7.072453022,12.43498748,14.09778313,163.3874743,25.55159503,4,90,40.84686859,0.283906611,0.086284357,0.55173789,0.0746155,20
4.338398117,9.40848833,10.93359308,11.80093091,163.3874743,25.28073549,4,90,40.84686859,0.280897061,0.072226656,0.466795395,0.062548592,20
1.805725297,2.044261284,2.920888162,3.262170648,25.26907706,28.02468581,1,100,25.26907706,0.280246858,0.129097341,0.116403469,0.061211115,20
2.633624786,2.987715308,2.892283325,3.274876736,25.26907706,28.82019125,1,100,25.26907706,0.288201913,0.129600172,0.113631333,0.060545776,20
2.551220453,2.702264097,3.161875988,3.64698234,25.26907706,29.24417574,1,100,25.26907706,0.292441757,0.144325902,0.124707989,0.066900839,20
5.386924993,6.97906148,6.728908523,7.566292118,92.43097284,28.18804364,2,100,46.21548642,0.281880436,0.081858839,0.268422038,0.062728849,20
4.507618359,6.963902118,7.963858179,9.053150493,92.43097284,28.74357544,2,100,46.21548642,0.287435754,0.097944988,0.314962574,0.07471165,20
3.714013281,5.20159506,9.572403354,11.05920725,92.43097284,29.62516945,2,100,46.21548642,0.296251695,0.119648284,0.373304439,0.090607544,20
10.50451363,14.66446202,14.2434613,14.99545079,155.7049276,30.66129188,3,100,51.90164255,0.306612919,0.096306848,0.489067807,0.080462279,20
10.43145725,13.22127747,12.30811478,14.85047638,155.7049276,28.56476078,3,100,51.90164255,0.285647608,0.095375764,0.519888001,0.080590989,20
9.529304563,11.18327234,13.42918691,14.70496221,155.7049276,28.32908712,3,100,51.90164255,0.283290871,0.094441213,0.519076458,0.079903502,20
9.52258822,15.66580692,15.85836734,17.98947284,230.3012245,28.22833947,4,100,57.57530612,0.282283395,0.078112797,0.637284133,0.069583813,20
7.771480534,14.93364446,16.28410255,18.77993281,230.3012245,28.56576477,4,100,57.57530612,0.285657648,0.081545085,0.657427972,0.07254665,20
9.740125974,15.982064,18.19901729,19.89462219,230.3012245,28.44791102,4,100,57.57530612,0.28447911,0.086385221,0.699335082,0.076887686,20
0.255144502,0.255144502,0.342502248,0.342502248,46.72902757,2.86167172,1,10,46.72902757,0.286167172,0.007329539,0.119686072,0.006906582,20
0.256407186,0.279849475,0.449177957,0.648661312,46.72902757,3.130711936,1,10,46.72902757,0.313071194,0.013881336,0.207192909,0.013009721,20
0.501603873,0.501603873,1.377784747,1.377784747,46.72902757,9.015918358,1,30,46.72902757,0.300530612,0.029484558,0.152816906,0.024715868,20
0.370604835,0.370604835,1.105253783,1.392547228,46.72902757,5.89501392,1,20,46.72902757,0.294750696,0.029800475,0.236224587,0.026462187,20
0,0,0.978997989,1.222195788,46.72902757,5.446429129,1,20,46.72902757,0.272321456,0.026154959,0.224403138,0.023424726,20
1.208800071,2.074670963,1.839871839,1.839871839,46.72902757,11.49507298,1,40,46.72902757,0.287376825,0.039373211,0.16005743,0.031599833,20
0.869364625,0.960452591,1.30974683,2.842346152,46.72902757,8.425523308,1,30,46.72902757,0.280850777,0.060826135,0.337349509,0.051534209,20
1.553577836,1.816261832,2.777186375,2.904500442,46.72902757,18.21112956,1,60,46.72902757,0.303518826,0.062156236,0.159490406,0.044725799,20
1.659118071,2.399474394,2.385586783,2.771152735,46.72902757,11.34326024,1,40,46.72902757,0.283581506,0.059302598,0.244299494,0.047719021,20
2.59467181,3.077680295,2.802967437,3.077680295,46.72902757,13.63635098,1,50,46.72902757,0.27272702,0.06586228,0.225696765,0.050984196,20
1.841305248,2.167500831,2.446170497,2.688751323,46.72902757,14.62769272,1,50,46.72902757,0.292553854,0.05753921,0.183812401,0.043821627,20
2.103932616,2.171324351,3.470002656,3.878338229,46.72902757,17.35274433,1,60,46.72902757,0.289212406,0.082996339,0.223499993,0.060521707,20
1.59597453,2.279002082,2.921702049,3.047719561,50.92284889,20.60608476,1,70,50.92284889,0.294372639,0.059849746,0.147903864,0.042608206,20
1.548199884,3.403187815,3.000463357,3.403186808,50.92284889,20.15207751,1,70,50.92284889,0.287886822,0.066830252,0.168875234,0.047881679,20
1.456381229,1.859731382,3.6221145,4.424621712,50.92284889,22.16678513,1,80,50.92284889,0.277084814,0.086888731,0.199605928,0.060536925,20
3.264359138,3.608309952,3.538858242,3.608309952,50.92284889,23.15986738,1,80,50.92284889,0.289498342,0.070858368,0.155800113,0.048706502,20
2.407822026,3.150997139,3.532333748,4.554752292,50.92284889,25.22409933,1,90,50.92284889,0.28026777,0.089444177,0.180571454,0.059815297,20
2.670647021,3.112284406,4.543045889,4.609444161,50.92284889,26.63201698,1,90,50.92284889,0.2959113,0.090518191,0.173079049,0.059434622,20
3.661271023,4.75409028,4.690157631,4.752422988,50.92284889,28.35579188,1,100,50.92284889,0.283557919,0.093325945,0.167599727,0.059945818,20
3.801094579,5.871669257,5.708064413,5.871670351,50.92284889,28.79750346,1,100,50.92284889,0.287975035,0.115305221,0.203895118,0.073653342,20
0.233872106,0.233872106,0.925881672,0.959992441,114.3645251,3.106020289,2,10,57.18226255,0.310602029,0.008394145,0.309074749,0.008172197,20
0.490158858,0.52494467,1.91486804,1.91486804,114.3645251,2.710029441,2,10,57.18226255,0.271002944,0.016743549,0.706585696,0.016355971,20
1.396804817,2.688519817,2.945641868,3.049810804,114.3645251,5.929502875,2,20,57.18226255,0.296475144,0.026667455,0.514345109,0.025352969,20
1.582626119,1.750866869,2.266649402,2.289533416,114.3645251,5.85779001,2,20,57.18226255,0.2928895,0.020019612,0.390852764,0.019044163,20
1.004329594,1.004329594,2.438944289,2.571020386,61.34329737,9.355974324,2,30,30.67164869,0.311865811,0.041912002,0.274799855,0.036365585,20
2.040466448,3.087343897,2.973447876,3.087343897,61.34329737,11.40618889,2,40,30.67164869,0.285154722,0.050328952,0.270672696,0.042438016,20
1.526466738,2.948214733,2.516269188,2.695087689,61.34329737,8.905379862,2,30,30.67164869,0.296845995,0.04393451,0.302635904,0.03836496,20
1.884499438,2.194664264,2.986565537,3.810102396,61.34329737,11.31378,2,40,30.67164869,0.2828445,0.062111144,0.336766527,0.052439522,20
2.838996776,4.843608761,4.628775866,4.843608761,61.34329737,14.15638768,2,50,30.67164869,0.283127754,0.078959055,0.342150051,0.064154026,20
2.078676463,4.485529772,4.306822899,4.485529746,61.34329737,14.25978464,2,50,30.67164869,0.285195693,0.073121758,0.314558029,0.059329985,20
1.383011373,3.927789637,3.652679242,3.927469278,61.34329737,17.68340401,2,60,30.67164869,0.2947234,0.064024424,0.222099166,0.049698003,20
1.293251789,3.557465388,4.918808687,5.547684567,61.34329737,17.65596463,2,60,30.67164869,0.294266077,0.090436687,0.314210222,0.070224511,20
2.519469405,5.197616636,5.142951465,5.197604604,66.61005708,19.91186445,2,70,33.30502854,0.284455206,0.078030328,0.261030534,0.06007269,20
1.993347711,4.532484095,4.839540222,5.525449064,66.61005708,20.53902641,2,70,33.30502854,0.293414663,0.082952174,0.269021956,0.063402262,20
3.362149395,4.09422957,5.343752293,5.586357627,66.61005708,23.21076153,2,80,33.30502854,0.290134519,0.083866579,0.240679636,0.062194464,20
2.510749264,6.992730819,6.194469219,6.62932412,66.61005708,23.71251685,2,80,33.30502854,0.296406461,0.099524372,0.279570666,0.073396094,20
0.836875389,3.685269393,6.581459662,7.788874957,76.40843366,26.82944189,2,90,38.20421683,0.29810491,0.101937372,0.290310734,0.075445905,20
2.281280325,5.712925852,5.923852532,7.174081801,76.40843366,26.71055133,2,90,38.20421683,0.296783904,0.09389123,0.268586062,0.069570912,20
2.727169055,3.873845383,5.417700134,6.215463357,76.40843366,28.43298859,2,100,38.20421683,0.284329886,0.081345253,0.218600424,0.059284424,20
2.051145904,5.783230142,6.34907677,7.041760947,76.40843366,28.83394176,2,100,38.20421683,0.288339418,0.092159473,0.24421777,0.066909939,20
0.289191325,0.289191325,1.548955059,1.548955059,120.0348774,3.03941477,3,10,40.01162581,0.303941477,0.012904208,0.509622798,0.012585529,20
0.469648124,0.552728924,0.906994413,0.960643829,120.0348774,3.243642258,3,10,40.01162581,0.324364226,0.008003039,0.296162077,0.007792467,20
1.561830806,1.909076669,1.981789582,2.574932272,120.0348774,5.956889548,3,20,40.01162581,0.297844477,0.021451534,0.432261208,0.020437306,20
1.338051017,1.338051017,1.666973601,1.666973601,120.0348774,5.820768416,3,20,40.01162581,0.291038421,0.01388741,0.28638377,0.013245124,20
1.57467088,2.021600854,4.302598626,5.560296447,191.5036539,8.605034204,3,30,63.8345513,0.286834473,0.029034937,0.64616785,0.027786382,20
2.268686182,2.287877214,5.310388764,5.8001642,191.5036539,8.764322827,3,30,63.8345513,0.292144094,0.030287486,0.661792624,0.028962015,20
2.589256538,4.248481769,6.013639633,6.230190643,191.5036539,11.72666799,3,40,63.8345513,0.2931667,0.032533012,0.531283963,0.030655812,20
3.023048005,5.439670363,5.741375689,6.237097037,191.5036539,11.44745968,3,40,63.8345513,0.286186492,0.032569076,0.544845513,0.030732017,20
4.766858345,5.196837801,5.974190211,6.784762885,134.9649438,14.76046571,3,50,44.98831461,0.295209314,0.050270557,0.459657779,0.045314706,20
3.96761484,7.100687049,6.375868522,6.946819981,134.9649438,14.44902749,3,50,44.98831461,0.28898055,0.051471292,0.480781145,0.046493778,20
5.000634759,6.004616924,7.726383598,8.83372634,134.9649438,17.61192081,3,60,44.98831461,0.293532013,0.065452006,0.501576542,0.057896893,20
5.399120181,6.305196807,7.668876423,8.884719082,134.9649438,17.39989116,3,60,44.98831461,0.289998186,0.065829828,0.510619233,0.058312137,20
3.84669977,4.929817302,6.330895888,7.967659227,119.7713725,20.50050985,3,70,39.92379085,0.292864426,0.066523903,0.388656638,0.056801542,20
2.838944166,4.693919259,7.408963788,7.932492856,119.7713725,20.08865087,3,70,39.92379085,0.286980727,0.066230291,0.394874345,0.056717371,20
2.936590076,6.893433765,7.747350104,8.942257883,119.7713725,23.05285585,3,80,39.92379085,0.288160698,0.074661062,0.38790239,0.062610231,20
2.450652674,3.465250564,6.426840181,7.547844569,119.7713725,23.36712535,3,80,39.92379085,0.292089067,0.06301877,0.323011259,0.052731059,20
7.631549519,13.52332087,12.95697552,14.6250082,197.8794423,26.63636367,3,90,65.95981409,0.295959596,0.073908679,0.549061741,0.065140216,20
6.479262769,8.872977469,11.227335,13.71814928,197.8794423,25.74792004,3,90,65.95981409,0.286088,0.069325793,0.532786697,0.061343787,20
5.970194642,6.456720773,13.63546176,15.42341701,197.8794423,27.70249531,3,100,65.95981409,0.277024953,0.077943504,0.556751904,0.068371684,20
6.91702096,14.96162545,14.24734123,16.20341408,197.8794423,28.73570047,3,100,65.95981409,0.287357005,0.081885283,0.56387747,0.071501904,20
0.619740783,1.150268206,1.779826754,1.779826754,185.2935429,2.837368101,4,10,46.32338573,0.28373681,0.009605444,0.627280878,0.009460576,20
0.562632127,1.202351629,1.564519379,1.564519379,185.2935429,2.955530549,4,10,46.32338573,0.295553055,0.008443464,0.529353141,0.008310901,20
2.499648208,2.713441867,3.010104812,3.02227677,185.2935429,5.939503388,4,20,46.32338573,0.296975169,0.016310751,0.508843345,0.015804155,20
3.312963356,3.876225324,3.654714743,4.253679284,185.2935429,5.602612131,4,20,46.32338573,0.280130607,0.022956436,0.759231441,0.022282687,20
1.20511263,1.625412712,4.101935811,4.658515279,171.6169883,8.683635559,4,30,42.90424707,0.289454519,0.027144838,0.536470612,0.025837488,20
0.944011372,0.944011372,3.456701222,4.493398978,171.6169883,8.941272355,4,30,42.90424707,0.298042412,0.026182717,0.502545812,0.024886145,20
2.682322526,3.691122455,5.311687726,6.089728356,171.6169883,12.31155083,4,40,42.90424707,0.307788771,0.035484415,0.494635358,0.033109209,20
3.056868943,3.30547613,4.266326767,4.588468007,171.6169883,12.03205361,4,40,42.90424707,0.30080134,0.026736677,0.381353687,0.024984982,20
3.715533191,4.656409102,6.955765779,7.236043383,188.4248496,15.76100723,4,50,47.10621239,0.315220145,0.038402808,0.459110466,0.035438514,20
5.97503109,7.110226743,7.217878375,7.853658829,188.4248496,14.32107119,4,50,47.10621239,0.286421424,0.04168059,0.54839884,0.038736458,20
3.683697075,5.362339186,6.16338048,7.200697026,188.4248496,16.88991377,4,60,47.10621239,0.281498563,0.03821522,0.426331189,0.035071501,20
4.598659866,7.591323047,8.001975206,9.14729313,188.4248496,17.69013154,4,60,47.10621239,0.294835526,0.048546108,0.517084517,0.044379565,20
4.383923163,10.54946979,10.32295188,10.98241968,152.975243,20.03425799,4,70,38.24381075,0.286203686,0.071792138,0.548182004,0.063478709,20
3.969268726,6.917513651,8.894635807,11.9595435,152.975243,20.01393861,4,70,38.24381075,0.285913409,0.078179601,0.597560717,0.069134633,20
5.300119224,6.225087245,10.35046708,12.47050564,152.975243,23.00441121,4,80,38.24381075,0.28755514,0.081519764,0.542091929,0.070863338,20
5.464047827,6.962180598,10.89255061,13.93493982,152.975243,22.42021471,4,80,38.24381075,0.280252684,0.091092778,0.621534628,0.079448693,20
7.837678198,9.803216812,13.51288036,15.34876355,192.8483388,26.3105966,4,90,48.2120847,0.292339962,0.079589815,0.58336813,0.070034852,20
4.699698995,10.56963806,14.14799026,15.61267472,192.8483388,26.40642269,4,90,48.2120847,0.293404697,0.080958305,0.591245354,0.071207916,20
10.26517465,14.03848484,14.50389033,16.50470207,192.8483388,28.62021369,4,100,48.2120847,0.286202137,0.085583844,0.576679903,0.074523908,20
8.583963381,11.51226487,13.86884625,16.10044344,192.8483388,27.94751202,4,100,48.2120847,0.27947512,0.083487592,0.576095769,0.072920045,20
0.754724617,0.754724617,0.750945917,0.754724617,41.95212146,2.774653711,1,10,41.95212146,0.277465371,0.017990142,0.272006779,0.016874112,20
0.257240988,0.715709277,0.924393956,0.924393956,41.95212146,3.082366774,1,10,41.95212146,0.308236677,0.022034498,0.299897457,0.020526356,20
0.784701461,0.801299758,1.119348447,1.435463595,41.95212146,8.357573873,1,30,41.95212146,0.278585796,0.03421671,0.171756016,0.028532544,20
0.433604128,1.827074062,1.794810294,1.827074062,41.95212146,6.229489691,1,20,41.95212146,0.311474485,0.04355141,0.293294339,0.037920568,20
1.072279358,1.357882847,1.572927892,1.572927892,41.95212146,9.041750953,1,30,41.95212146,0.301391698,0.037493405,0.173962754,0.030845429,20
0.661391583,0.798285874,2.372718925,2.414553038,41.95212146,11.47025402,1,40,41.95212146,0.286756351,0.057554969,0.210505629,0.045197411,20
0.385065915,1.516941369,1.516941369,1.516941369,41.95212146,6.163117333,1,20,41.95212146,0.308155867,0.036158871,0.246132158,0.031527254,20
0.51746118,0.534461345,2.043011242,2.043011242,41.95212146,11.40629565,1,40,41.95212146,0.285157391,0.04869864,0.179112598,0.038288453,20
2.145583389,2.254615722,2.254615722,2.254615722,41.95212146,17.01424054,1,60,41.95212146,0.283570676,0.053742591,0.132513451,0.038235625,20
1.523530376,2.086741349,2.046864414,2.088615404,41.95212146,15.29550485,1,50,41.95212146,0.305910097,0.049785692,0.136550929,0.036483878,20
1.711386517,3.061827083,2.59891219,3.113428319,41.95212146,14.63602741,1,50,41.95212146,0.292720548,0.074213847,0.212723592,0.055019088,20
1.298009465,3.541877356,3.477519793,3.786605693,41.95212146,16.91842559,1,60,41.95212146,0.28197376,0.090260172,0.223815489,0.064320885,20
1.793674622,2.113784208,2.870636689,2.923114954,43.64454983,20.4967049,1,70,43.64454983,0.29281007,0.066975486,0.142613897,0.045573087,20
2.024449765,2.531862349,2.622923892,3.004818347,43.64454983,19.51895851,1,70,43.64454983,0.278842264,0.068847505,0.15394358,0.047572062,20
1.306481706,4.219350371,3.890542954,4.590498584,43.64454983,23.45639277,1,80,43.64454983,0.29320491,0.105179194,0.195703518,0.068411835,20
2.048579177,2.195935262,3.789564562,3.789564562,43.64454983,26.19284658,1,90,43.64454983,0.291031629,0.086827899,0.144679371,0.054262684,20
3.208234588,4.581596124,4.974634303,5.047778413,43.64454983,22.79715499,1,80,43.64454983,0.284964437,0.115656558,0.221421419,0.075973042,20
2.487021885,2.541116139,3.420631357,3.805022139,43.64454983,26.09665,1,90,43.64454983,0.289962778,0.087182069,0.145805003,0.054559172,20
3.400741334,4.11807069,4.038261643,4.120708863,43.64454983,29.06504739,1,100,43.64454983,0.290650474,0.094415199,0.141775405,0.056673521,20
4.557578592,4.989751118,4.762622933,4.990861864,43.64454983,29.98691445,1,100,43.64454983,0.299869144,0.114352465,0.166434658,0.067781646,20
0,0,1.161558917,1.161558917,106.1833622,2.61595358,2,10,53.09168108,0.261595358,0.01093918,0.444028872,0.01067616,20
0.301276875,0.301276875,0.923578073,1.16559817,106.1833622,3.068816955,2,10,53.09168108,0.306881695,0.01097722,0.379820037,0.010668878,20
0.746659735,1.118268161,2.499212044,3.019797124,106.1833622,5.352506627,2,20,53.09168108,0.267625331,0.028439457,0.564183724,0.027074673,20
1.961451162,1.976668036,2.145706929,2.307879569,106.1833622,6.033808836,2,20,53.09168108,0.301690442,0.021734851,0.38249133,0.020566189,20
0.350836062,0.52912289,0.737702122,0.737702122,57.66968839,8.63780733,2,30,28.8348442,0.287926911,0.012791852,0.085403864,0.011125471,20
1.57946065,2.202136863,2.119945896,2.827949905,57.66968839,8.765964705,2,30,28.8348442,0.292198823,0.049037024,0.322605669,0.042566751,20
0,0,1.40823109,1.62826873,57.66968839,11.64368715,2,40,28.8348442,0.291092179,0.028234394,0.139841333,0.023491407,20
1.628034185,2.442953977,2.283930686,2.336369248,57.66968839,11.19820239,2,40,28.8348442,0.27995506,0.040512951,0.208637884,0.033925378,20
1.113707407,1.171733031,1.862057787,2.43874879,57.66968839,14.70916537,2,50,28.8348442,0.294183307,0.042288226,0.165797904,0.033694217,20
0.749646719,1.886663406,2.530413041,3.201578673,57.66968839,14.79516191,2,50,28.8348442,0.295903238,0.055515796,0.216393622,0.044181126,20
1.30132977,2.207141523,2.624124227,2.858887278,57.66968839,16.90498807,2,60,28.8348442,0.281749801,0.049573482,0.169115013,0.038335899,20
1.765805274,3.102676153,2.791298362,3.488240017,57.66968839,17.02027196,2,60,28.8348442,0.283671199,0.060486542,0.204946197,0.04670293,20
0.326524378,0.608690184,5.950286434,8.046551338,128.4039182,19.86537428,2,70,64.20195908,0.283791061,0.062665933,0.405054102,0.054269844,20
1.198034616,4.490494886,8.082620432,8.583709906,128.4039182,20.13011758,2,70,64.20195908,0.287573108,0.066849283,0.426411315,0.057789515,20
1.713995335,2.864879308,8.363586279,8.952701354,128.4039182,22.85699404,2,80,64.20195908,0.285712426,0.069722961,0.391683234,0.059187144,20
1.421722169,4.461114009,8.611871828,9.403602709,128.4039182,23.13741345,2,80,64.20195908,0.289217668,0.073234546,0.406424112,0.062053056,20
3.015618216,7.324021922,6.941536509,7.989611443,76.78355244,25.62473898,2,90,38.39177622,0.284719322,0.104053683,0.311792891,0.078017232,20
4.848152729,5.182334979,5.457650824,6.460862181,76.78355244,25.81544675,2,90,38.39177622,0.286838297,0.08414383,0.250271175,0.062971981,20
7.524452985,7.925405532,7.691097342,8.19669,76.78355244,29.72731346,2,100,38.39177622,0.297273135,0.106750596,0.275729255,0.076956374,20
6.496664154,7.004955574,6.734807858,7.01660234,76.78355244,28.88706097,2,100,38.39177622,0.28887061,0.09138158,0.242897758,0.066400697,20
1.421704113,1.555801701,2.049639416,2.049639416,132.7245651,2.807471958,3,10,44.24152169,0.280747196,0.015442804,0.730065855,0.015122915,20
1.075156247,1.132172816,2.11922153,2.283028687,132.7245651,2.929155262,3,10,44.24152169,0.292915526,0.017201252,0.779415389,0.016829827,20
0.554884183,0.758519605,2.875751761,3.157096026,132.7245651,5.643616776,3,20,44.24152169,0.282180839,0.023786825,0.559410065,0.022816633,20
1.164405497,2.190065795,2.460976152,3.067191881,132.7245651,5.648722266,3,20,44.24152169,0.282436113,0.023109451,0.542988615,0.022166069,20
1.732476034,2.942428438,3.799730437,4.078594722,97.32001686,8.738304523,3,30,32.44000562,0.291276817,0.041909104,0.46674898,0.03845615,20
2.136137736,2.794462933,3.363864236,3.708610306,97.32001686,9.152437378,3,30,32.44000562,0.305081246,0.038107374,0.405204663,0.034831641,20
2.13780318,3.862917195,3.926984951,3.926984951,97.32001686,11.22866845,3,40,32.44000562,0.280716711,0.040351256,0.349728462,0.036177177,20
3.141762399,4.700521511,4.244292736,4.677711746,97.32001686,11.46498268,3,40,32.44000562,0.286624567,0.048065258,0.407999896,0.042999603,20
2.696490108,3.834877637,4.899798275,6.732768842,152.3893689,14.12766242,3,50,50.79645631,0.282553248,0.044181355,0.476566373,0.040432914,20
2.81302919,3.000199501,4.74673693,5.121815369,152.3893689,14.01129873,3,50,50.79645631,0.280225975,0.033610057,0.365548938,0.030780017,20
2.11040085,3.078368609,5.049448618,6.279112856,152.3893689,17.03622371,3,60,50.79645631,0.283937062,0.041204402,0.36857422,0.037061183,20
2.444169299,3.496964923,7.124224537,9.196153426,152.3893689,17.16815417,3,60,50.79645631,0.286135903,0.060346424,0.535651843,0.054236186,20
1.893743684,2.048051363,6.741741617,10.38155272,163.1395791,20.09416776,3,70,54.37985971,0.287059539,0.063636015,0.516645071,0.056657427,20
3.876787785,5.31782994,8.876545936,12.00808258,163.1395791,20.47071385,3,70,54.37985971,0.292438769,0.073606188,0.586598136,0.065399833,20
2.673782113,3.621530294,8.636322544,11.46902033,163.1395791,23.152404,3,80,54.37985971,0.28940505,0.070301887,0.495370603,0.061564755,20
5.332793532,10.87448678,11.19812442,12.07116868,163.1395791,23.55060362,3,80,54.37985971,0.294382545,0.073992888,0.512563027,0.064658829,20
9.279483695,11.59517407,12.9761037,15.9315758,195.9505074,26.70804023,3,90,65.3168358,0.296756003,0.08130408,0.596508604,0.071551602,20
8.343167621,12.27924298,13.15708011,15.98070723,195.9505074,25.56180861,3,90,65.3168358,0.284020096,0.081554814,0.62517905,0.072143651,20
10.30390248,11.00066938,13.13543914,15.93552328,195.9505074,28.21337016,3,100,65.3168358,0.282133702,0.081324226,0.564821685,0.071088721,20
1.393386533,1.397154985,2.18420322,2.18420322,176.2473708,2.743348821,4,10,44.06184269,0.274334882,0.012392827,0.796181369,0.012202885,20
0.576707212,1.404676096,1.934847823,2.334558204,176.2473708,2.799388071,4,10,44.06184269,0.279938807,0.013245918,0.833953044,0.013038819,20
10.4827489,13.70802333,15.93555379,16.59769698,195.9505074,28.51728265,3,100,65.3168358,0.285172826,0.084703516,0.582022389,0.073942444,20
1.572380575,1.63659661,2.704381189,2.895500414,176.2473708,5.720662733,4,20,44.06184269,0.286033137,0.016428616,0.506147723,0.015912138,20
2.467294041,2.467294041,3.466065898,3.555847959,176.2473708,5.790383191,4,20,44.06184269,0.28951916,0.020175325,0.614095448,0.019533574,20
3.091184658,3.091184658,5.200732732,5.625328883,197.1273392,8.742022772,4,30,49.2818348,0.291400759,0.028536523,0.643481381,0.02732475,20
3.741862935,3.741862935,4.9423993,5.183608457,197.1273392,8.853298609,4,30,49.2818348,0.295109954,0.026295736,0.58550024,0.025165513,20
2.717837746,3.996410362,5.854176752,6.490160833,197.1273392,11.72538387,4,40,49.2818348,0.293134597,0.032923697,0.553513719,0.031075299,20
4.350901516,5.397257127,7.577057921,7.842113878,197.1273392,11.41992264,4,40,49.2818348,0.285498066,0.03978197,0.686704641,0.037603533,20
7.21200732,8.493767238,10.37989166,11.58898079,264.5502429,14.62862301,4,50,66.13756074,0.29257246,0.043806351,0.792212691,0.041510953,20
5.149813709,6.445994448,9.452787314,10.40085742,264.5502429,14.13777018,4,50,66.13756074,0.282755404,0.039315244,0.735678774,0.037320792,20
8.168055315,8.446965857,12.09553077,12.85877549,264.5502429,17.24186406,4,60,66.13756074,0.287364401,0.048606175,0.74578801,0.045632135,20
3.393523384,3.905174681,7.436160752,7.623741718,146.1426425,17.37945189,4,60,36.53566062,0.289657532,0.052166442,0.438664105,0.046622089,20
3.589139931,5.717681493,7.571295158,9.176394185,146.1426425,20.28019307,4,70,36.53566062,0.289717044,0.062790668,0.452480613,0.055139033,20
9.31171539,11.2171623,12.75779468,13.76131666,264.5502429,20.04110093,4,70,66.13756074,0.286301442,0.052017781,0.686654726,0.048354656,20
4.665009013,11.80320552,11.14772675,11.93036906,146.1426425,22.22140418,4,80,36.53566062,0.277767552,0.081635099,0.536886371,0.070860551,20
4.727466392,7.756839588,9.594249824,10.87214009,146.1426425,23.26471758,4,80,36.53566062,0.29080897,0.07439403,0.467323107,0.064177496,20
3.638808186,8.604590117,13.70785813,15.10464477,204.6152359,26.30597301,4,90,51.15380897,0.292288589,0.073819746,0.574190689,0.065410383,20
5.829190286,6.574823368,12.59282893,14.59460326,204.6152359,26.13849386,4,90,51.15380897,0.29042771,0.07132706,0.558356703,0.063247529,20
7.766663865,11.34437518,13.4863861,15.82834342,204.6152359,28.26624771,4,100,51.15380897,0.282662477,0.077356622,0.559973279,0.067967376,20
5.837716114,17.94460212,16.86921677,18.72182176,204.6152359,28.67735601,4,100,51.15380897,0.28677356,0.091497692,0.652843371,0.080250391,20
0,0,0.469761105,0.541225903,21.58820402,3.113146602,1,10,21.58820402,0.31131466,0.025070446,0.173851724,0.021910782,20
0.228104134,0.228104134,0.312201485,0.312201485,21.58820402,2.915893258,1,10,21.58820402,0.291589326,0.01446167,0.107068901,0.012740787,20
0,0,0.361855589,0.545896351,21.58820402,2.965418161,1,10,21.58820402,0.296541816,0.025286789,0.184087478,0.022232824,20
0,0,0.980526813,1.090043859,21.58820402,8.501866439,1,30,21.58820402,0.283395548,0.050492568,0.128212301,0.036226032,20
0,0,0.312571683,0.312571683,21.58820402,6.051234524,1,20,21.58820402,0.302561726,0.014478818,0.051654201,0.011308901,20
0.333667371,0.333667371,0.563839541,0.563839541,21.58820402,8.99738175,1,30,21.58820402,0.299912725,0.026117946,0.062667069,0.018434813,20
0.552138456,0.552474921,0.561911134,0.615817572,21.58820402,6.385598403,1,20,21.58820402,0.31927992,0.028525651,0.096438506,0.022014082,20
0.725162824,1.129727053,1.129727053,1.129727053,21.58820402,5.587822683,1,20,21.58820402,0.279391134,0.052330757,0.202176611,0.041570722,20
1.063803988,1.203929346,1.203929346,1.203929346,21.58820402,11.4671627,1,40,21.58820402,0.286679067,0.055767925,0.104989297,0.0364216,20
0.547680314,0.831193176,0.804614203,0.831193673,21.58820402,8.506713859,1,30,21.58820402,0.283557129,0.038502215,0.097710313,0.027619071,20
0.792818144,0.792818144,1.354183256,1.703820581,21.58820402,11.77937802,1,40,21.58820402,0.29448445,0.078923683,0.144644359,0.051062153,20
1.023681424,1.068764286,1.11834356,1.436597436,21.58820402,12.11072518,1,40,21.58820402,0.30276813,0.066545482,0.118621917,0.042630359,20
2.437720107,2.437720107,2.946720761,3.37158055,70.79193424,14.74839375,1,50,70.79193424,0.294967875,0.04762662,0.228606627,0.0394151,20
1.689984443,3.726621111,3.432575104,3.432575104,70.79193424,14.31996166,1,50,70.79193424,0.286399233,0.048488223,0.239705607,0.040330145,20
2.621942578,3.656764363,3.873278038,4.327042728,70.79193424,13.99994272,1,50,70.79193424,0.279998854,0.061123386,0.309075745,0.051031336,20
2.08311191,2.08311191,4.656151654,4.757947639,70.79193424,16.80886106,1,60,70.79193424,0.280147684,0.067210307,0.28306187,0.054313978,20
3.460953336,4.071367447,3.750224251,4.77152699,70.79193424,20.63779011,1,70,70.79193424,0.294825573,0.067402128,0.231203388,0.052187918,20
1.399786205,2.616460963,3.490662801,4.317898638,70.79193424,16.94979878,1,60,70.79193424,0.282496646,0.060994218,0.254746307,0.049211458,20
1.56536795,2.33657565,3.775151554,5.559442705,70.79193424,20.6187428,1,70,70.79193424,0.294553469,0.078532149,0.269630538,0.060818308,20
3.012450369,4.278847552,3.968037147,4.278847552,70.79193424,17.04031256,1,60,70.79193424,0.284005209,0.060442586,0.251101471,0.048716135,20
3.170215489,5.302819549,4.671384511,5.761533735,70.79193424,19.89670144,1,70,70.79193424,0.284238592,0.081386867,0.289572307,0.063530934,20
2.813521047,3.09514666,4.995405412,5.199220576,70.79193424,22.85761232,1,80,70.79193424,0.285720154,0.073443686,0.227461228,0.05551784,20
2.342585031,3.265055309,5.730156105,6.789784218,70.79193424,22.65667976,1,80,70.79193424,0.283208497,0.095911834,0.299681343,0.072657945,20
3.386712293,4.022846432,4.824593278,5.528043254,70.79193424,23.69616946,1,80,70.79193424,0.296202118,0.078088603,0.233288476,0.058505177,20
0.373508322,5.026869082,5.004154885,5.026869082,78.30150336,24.82815943,1,90,78.30150336,0.275868438,0.064198883,0.202466441,0.048743193,20
0.056005948,0.414688849,5.511241944,6.111909068,78.30150336,25.663908,1,90,78.30150336,0.285154533,0.078056088,0.238151924,0.058787908,20
0.804913198,7.339829385,6.667500433,6.984529938,78.30150336,25.91948925,1,90,78.30150336,0.287994325,0.089200458,0.269470199,0.067016536,20
0.049699633,6.536453518,6.412131624,6.536453518,78.30150336,28.55211536,1,100,78.30150336,0.285521154,0.083478008,0.228930622,0.061172037,20
0.152226024,6.102906201,6.529603925,7.433568565,78.30150336,28.23391703,1,100,78.30150336,0.28233917,0.094935196,0.263285061,0.069775559,20
0.669109254,5.88487038,6.527585703,7.4923824,78.30150336,29.79292072,1,100,78.30150336,0.297929207,0.095686316,0.25148197,0.069313311,20
0.399943797,0.399943797,0.694319888,0.809048399,95.34577719,2.921495674,2,10,47.67288859,0.292149567,0.008485414,0.276929521,0.008233142,20
0,0,1.46581088,1.545313364,95.34577719,3.106687299,2,10,47.67288859,0.31066873,0.016207465,0.497415161,0.015696035,20
0.917047877,1.137315583,1.177425799,1.177425799,95.34577719,2.836854107,2,10,47.67288859,0.283685411,0.012349008,0.415046299,0.0119922,20
0.715952457,1.399632239,1.95317241,2.095149548,95.34577719,5.619700331,2,20,47.67288859,0.280985017,0.021974225,0.37282229,0.020751148,20
0,0,1.732175992,1.787868113,95.34577719,5.588321818,2,20,47.67288859,0.279416091,0.018751414,0.31992934,0.017713222,20
0.885360411,1.830259703,1.865670662,1.865670662,95.34577719,5.750246831,2,20,47.67288859,0.287512342,0.019567418,0.324450535,0.018454441,20
1.136971778,1.136971778,1.931373091,2.009722326,87.33120111,8.485561035,2,30,43.66560056,0.282852034,0.02301265,0.236840242,0.020974642,20
0.579099322,1.154341871,1.737984237,1.737984237,87.33120111,8.60225938,2,30,43.66560056,0.286741979,0.019901069,0.202038111,0.018116559,20
2.504563662,3.070880933,3.602724293,4.040701129,87.33120111,9.117185606,2,30,43.66560056,0.303906187,0.0462687,0.443196103,0.041894958,20
1.5704355,1.818219909,2.410183493,3.098660159,87.33120111,11.41594263,2,40,43.66560056,0.285398566,0.035481708,0.271432702,0.031379745,20
2.540484921,2.685799083,3.525560038,3.525560038,87.33120111,11.59729516,2,40,43.66560056,0.289932379,0.040369994,0.303998475,0.035637457,20
1.390233001,2.51083205,3.309237249,3.858712785,87.33120111,10.99852785,2,40,43.66560056,0.274963196,0.044184813,0.350839025,0.039242585,20
1.848976505,2.672686125,4.211489307,5.719921157,91.84240718,14.62224891,2,50,45.92120359,0.292444978,0.062279739,0.391179304,0.05372601,20
1.377987668,5.181423374,4.860314996,4.860314996,91.84240718,14.21032469,2,50,45.92120359,0.284206494,0.052920161,0.342027019,0.04582923,20
0.759298754,2.615419002,4.850535401,5.827684121,91.84240718,15.40614216,2,50,45.92120359,0.308122843,0.063453086,0.378270177,0.054338116,20
1.34544497,2.695253303,3.693555622,4.390314147,91.84240718,17.51379843,2,60,45.92120359,0.29189664,0.04780269,0.25067744,0.040146914,20
1.932543431,6.016178116,6.611342629,7.181978828,91.84240718,17.41158145,2,60,45.92120359,0.290193024,0.078198939,0.412482855,0.065736537,20
1.650946489,3.91490957,4.421171536,5.582118806,91.84240718,17.38537669,2,60,45.92120359,0.289756278,0.060779317,0.321081269,0.051105301,20
1.118275318,6.224470325,5.881794289,6.922907278,100.6376125,20.00658053,2,70,50.31880624,0.285808293,0.068790456,0.34603151,0.057382847,20
1.145595971,8.484967868,7.77361394,8.449271786,100.6376125,20.332327,2,70,50.31880624,0.290461814,0.083957395,0.415558523,0.069846045,20
1.465311792,1.710089519,6.211938938,6.646711206,100.6376125,20.5980312,2,70,50.31880624,0.294257589,0.066045995,0.322686724,0.054824728,20
0.711508854,5.498075214,6.654118646,7.271117428,100.6376125,22.02339534,2,80,50.31880624,0.275292442,0.072250496,0.330154243,0.059278148,20
1.835483146,3.251125245,5.883379859,6.150487376,100.6376125,23.74779624,2,80,50.31880624,0.296847453,0.061115196,0.258991921,0.049447017,20
1.127907964,6.775556931,7.030926676,9.265598996,100.6376125,23.16684935,2,80,50.31880624,0.289585617,0.092068947,0.39995076,0.07484059,20
1.806867781,2.120921957,6.071617028,6.531631832,80.52758648,26.01592739,2,90,40.26379324,0.28906586,0.081110488,0.25106281,0.061304828,20
2.842936163,5.450553801,5.722364112,6.972896587,80.52758648,25.79835663,2,90,40.26379324,0.286648407,0.08659016,0.270284526,0.065580388,20
3.649575775,3.879750152,6.05842259,6.959544644,80.52758648,26.18107256,2,90,40.26379324,0.290900806,0.086424354,0.265823512,0.065220055,20
2.866841828,3.689246499,5.799136961,7.021974477,80.52758648,29.32930427,2,100,40.26379324,0.293293043,0.087199614,0.239418379,0.06391929,20
3.014081916,4.672286052,5.98437748,6.142091228,80.52758648,29.06314864,2,100,40.26379324,0.290631486,0.076273132,0.211336057,0.056045716,20
3.794380725,4.107356678,7.764026292,8.443896369,80.52758648,29.01656643,2,100,40.26379324,0.290165664,0.104857189,0.291002603,0.077082128,20
1.041102051,1.041102051,1.665891528,1.665891528,162.0835168,2.759920823,3,10,54.02783893,0.275992082,0.010277982,0.603601203,0.010105901,20
0.946440438,0.946440438,1.659683757,1.66134395,162.0835168,2.351403635,3,10,54.02783893,0.235140364,0.010249925,0.706532866,0.010103352,20
1.152535306,1.152535306,1.990230759,1.990230759,162.0835168,2.67817806,3,10,54.02783893,0.267817806,0.012279045,0.743128617,0.012079451,20
0.839700703,1.217222435,4.666821585,5.103505264,162.0835168,5.934678477,3,20,54.02783893,0.296733924,0.031486886,0.859946379,0.030374718,20
1.784989986,1.871659636,2.702248848,2.724339123,162.0835168,5.611419522,3,20,54.02783893,0.280570976,0.016808243,0.485499099,0.016245804,20
2.113069189,2.548013032,2.966406865,2.99207143,162.0835168,5.363649574,3,20,54.02783893,0.268182479,0.01846006,0.557842452,0.017868749,20
1.679598362,1.893635184,4.093385141,4.222198632,137.3289644,8.890899279,3,30,45.77632147,0.296363309,0.030745143,0.474889941,0.028875684,20
1.607401433,2.297671549,3.83959087,4.499384592,137.3289644,9.124831134,3,30,45.77632147,0.304161038,0.032763551,0.493092368,0.030722212,20
1.650682672,2.260383381,5.193017188,5.521497962,137.3289644,8.555803344,3,30,45.77632147,0.285193445,0.040206361,0.645351201,0.037848351,20
2.222283064,2.222283064,5.318272126,5.823257826,137.3289644,11.27513831,3,40,45.77632147,0.281878458,0.042403712,0.51646886,0.039186387,20
1.38531352,1.700460849,5.567880816,5.912086841,137.3289644,10.97860647,3,40,45.77632147,0.274465162,0.043050546,0.53850977,0.039863689,20
1.208660063,2.727657965,5.942660177,6.139079458,137.3289644,11.54083549,3,40,45.77632147,0.288520887,0.044703457,0.53194411,0.04123791,20
3.445286874,4.259813283,4.441881497,5.692276928,96.67380634,14.76230302,3,50,32.22460211,0.29524606,0.058881274,0.385595453,0.051081081,20
2.143991839,3.001679866,3.662549038,4.352453241,96.67380634,14.64722663,3,50,32.22460211,0.292944533,0.045022053,0.297152038,0.039098211,20
1.088143909,3.771281448,3.644822322,4.170246835,96.67380634,14.22609405,3,50,32.22460211,0.284521881,0.043137298,0.293140677,0.037603702,20
3.317360269,4.524544842,5.076944234,5.439143946,96.67380634,16.75689357,3,60,32.22460211,0.279281559,0.056262851,0.324591424,0.047951251,20
3.862854939,5.730704348,6.892632519,7.913587655,96.67380634,17.55127548,3,60,32.22460211,0.292521258,0.081858654,0.450883907,0.069280648,20
3.942626922,5.793794059,5.969133031,6.291822799,96.67380634,16.85905336,3,60,32.22460211,0.280984223,0.065083015,0.373201429,0.055418518,20
7.370831926,8.562846497,8.496086778,9.172380054,138.3508203,20.79272036,3,70,46.11694011,0.297038862,0.066297981,0.4411342,0.057635893,20
4.265845189,5.24534903,7.729499131,8.663173092,138.3508203,20.43031492,3,70,46.11694011,0.291861642,0.062617432,0.424035221,0.054560468,20
4.421172756,5.303732492,8.151906432,9.302956067,138.3508203,20.83711621,3,70,46.11694011,0.297673089,0.067241785,0.446460824,0.058440082,20
7.245943195,10.77577269,10.86585116,11.63188683,138.3508203,23.99995379,3,80,46.11694011,0.299999422,0.084075301,0.484662885,0.071646636,20
5.800138392,8.497420404,9.502946018,10.51807192,138.3508203,22.55015462,3,80,46.11694011,0.281876933,0.076024644,0.466430146,0.065369846,20
5.693423929,6.864602443,9.832268396,11.81883047,138.3508203,23.09087899,3,80,46.11694011,0.288635987,0.08542653,0.511839782,0.073208041,20
3.487595282,3.487595282,8.239420163,9.743458707,133.8702782,25.90540867,3,90,44.62342606,0.287837874,0.072782838,0.376116773,0.060982111,20
2.394346977,9.498708047,9.14154825,10.11123429,133.8702782,26.51821363,3,90,44.62342606,0.294646818,0.075530091,0.381293945,0.063042143,20
3.620847519,10.7101141,10.48829155,11.78489991,133.8702782,25.42832853,3,90,44.62342606,0.282536984,0.088032236,0.463455547,0.073979931,20
4.447784958,8.935909439,10.63716561,12.45151741,133.8702782,29.53112916,3,100,44.62342606,0.295311292,0.093011814,0.42164041,0.076202021,20
3.736147874,3.736147874,8.954732015,10.84324079,133.8702782,29.9023126,3,100,44.62342606,0.299023126,0.08099812,0.362622147,0.06620913,20
4.148885936,8.185532452,9.866207972,10.22300749,133.8702782,28.9860796,3,100,44.62342606,0.289860796,0.076365028,0.352686794,0.062773156,20
1.247796654,1.679604556,2.5130835,2.548838468,188.5489144,3.282383668,4,10,47.13722861,0.328238367,0.013518182,0.77652058,0.013286875,20
0.7995791,1.139431399,1.882504292,1.890374299,188.5489144,2.59939909,4,10,47.13722861,0.259939909,0.010025909,0.727235116,0.009889568,20
0.421980116,0.873299715,1.259979259,1.259979259,188.5489144,3.037464257,4,10,47.13722861,0.303746426,0.006682506,0.414812868,0.00657656,20
1.399569572,1.805811948,3.268400568,3.708193908,188.5489144,5.713336033,4,20,47.13722861,0.285666802,0.019667013,0.649041801,0.019088597,20
1.710400797,2.565322243,2.882641673,3.913613294,188.5489144,5.636665055,4,20,47.13722861,0.281833253,0.020756488,0.694313615,0.020153985,20
1.568896931,3.14554505,3.206789222,3.25500376,188.5489144,5.503290596,4,20,47.13722861,0.27516453,0.017263445,0.591464998,0.016773856,20
1.631084916,2.74698625,4.279988785,4.819309338,151.5575193,8.657363349,4,30,37.88937982,0.288578778,0.03179855,0.556671719,0.030080285,20
1.43205655,2.568584472,4.631627114,5.433744867,151.5575193,8.368179605,4,30,37.88937982,0.27893932,0.035852691,0.649334159,0.033976684,20
2.473806937,2.62535138,4.585203101,4.963789887,151.5575193,8.865424504,4,30,37.88937982,0.29551415,0.032751855,0.559904366,0.030941895,20
2.111119852,2.854577523,7.053732298,7.378779858,151.5575193,11.71564845,4,40,37.88937982,0.292891211,0.048686333,0.629822573,0.04519285,20
1.694304378,3.878753443,6.156657789,7.726379907,151.5575193,12.02105001,4,40,37.88937982,0.30052625,0.050979852,0.642737523,0.047233448,20
2.866081615,4.40223449,5.972606717,6.389283022,151.5575193,11.78559872,4,40,37.88937982,0.294639968,0.04215748,0.5421263,0.039115716,20
7.959999072,8.17735589,7.803764944,8.920641189,219.211552,14.19530785,4,50,54.80288801,0.283906157,0.040694211,0.62842182,0.038219276,20
4.900021372,6.640899929,8.145198823,9.255098493,219.211552,13.89271145,4,50,54.80288801,0.277854229,0.04221994,0.666183742,0.039703686,20
6.792734953,9.384722086,9.37071431,10.03271697,219.211552,14.59630655,4,50,54.80288801,0.291926131,0.045767282,0.687346277,0.042910093,20
6.687790362,11.06654063,10.15514896,11.4728618,219.211552,17.29937557,4,60,54.80288801,0.288322926,0.05233694,0.66319514,0.048508802,20
6.465465976,7.731908238,8.871121946,9.157664696,219.211552,16.64291259,4,60,54.80288801,0.277381877,0.041775466,0.550244114,0.038827608,20
7.164311775,7.948832926,9.484458893,11.19950156,219.211552,16.82134998,4,60,54.80288801,0.280355833,0.051089924,0.665790889,0.0474489,20
6.106702923,10.08347926,10.16735998,13.17955928,198.7733928,20.57533099,4,70,49.69334819,0.2939333,0.066304444,0.640551507,0.06008496,20
7.165655352,11.61439163,11.25688798,13.66928048,198.7733928,20.51186132,4,70,49.69334819,0.29302659,0.06876816,0.666408585,0.062335612,20
7.607104723,12.02674196,11.0254092,12.41018527,198.7733928,20.3876544,4,70,49.69334819,0.291252206,0.062433835,0.608710793,0.056625871,20
7.903188156,10.91026893,12.30580208,14.42450726,198.7733928,23.32791916,4,80,49.69334819,0.29159899,0.072567596,0.618336645,0.064945619,20
6.549275869,9.505082132,9.893121832,11.34727814,198.7733928,23.89988256,4,80,49.69334819,0.298748532,0.057086504,0.474783845,0.050959318,20
8.70384851,12.23382716,11.90804443,14.67872638,198.7733928,22.87086304,4,80,49.69334819,0.285885788,0.073846535,0.641809028,0.066226514,20
6.255924093,10.2164827,12.8361986,14.03733273,171.1331848,26.16881768,4,90,42.7832962,0.290764641,0.082025779,0.53641448,0.071146428,20
7.284700424,10.17211588,10.95060614,13.30781893,171.1331848,25.8150184,4,90,42.7832962,0.286833538,0.077762936,0.515506854,0.067570146,20
8.052949045,12.11356642,12.14869547,12.749574,171.1331848,25.39557144,4,90,42.7832962,0.282173016,0.074500887,0.502039264,0.064873834,20
8.075445059,12.58770637,12.11819291,13.09837437,171.1331848,28.51216671,4,100,42.7832962,0.285121667,0.076539067,0.459395966,0.065608211,20
7.640687115,8.815468732,11.79000184,16.13154613,171.1331848,29.40354978,4,100,42.7832962,0.294035498,0.094263109,0.548625804,0.080441851,20
8.443311511,12.08625729,12.03190894,14.93510114,171.1331848,29.62959705,4,100,42.7832962,0.29629597,0.0872718,0.504060218,0.074391782,20
